13c1c64c-77ce-4b24-be81-cbbe8f056f58,1001,2025-05-22 16:59:13,2025-05-23 18:44:35
2c083de7-4e1b-4746-a885-d4703c2df4c6,1001,2025-05-28 15:00:53,2025-05-28 15:06:20
43c413c1-fcbb-4fd6-826e-c4df6516f52a,1002,2025-05-28 14:56:44,2025-05-28 14:58:01
50499b3f-83ab-4e90-b79b-af103e244b2f,1003,2025-05-28 15:00:28,2025-05-28 15:00:44
6d276acc-7556-4311-9a1b-42d5055e8bf5,1001,2025-05-23 18:44:49,2025-05-23 18:47:06
7127827f-97e5-448d-9acd-9bb68bda764e,1003,2025-05-28 15:06:26,2025-05-28 23:05:57
995e20a0-c682-4711-ac7e-09f4eb6ef0db,1001,2025-05-27 19:19:07,2025-05-28 14:54:58
aaea0f13-19df-4e26-a7b5-9d4a42e7fbdc,1001,2025-05-28 23:07:57,2025-06-04 23:07:58
aee94e7e-e17e-4af9-a952-beb68bdbf75c,1004,2025-05-28 23:07:16,2025-05-28 23:07:49
cffe4ade-5427-4d12-a003-313b780ffd53,1001,2025-05-28 14:58:09,2025-05-28 14:59:05
e0b3ce51-3016-48ca-9803-2f42851d6549,1002,2025-05-23 18:47:27,2025-05-27 19:18:55
